source_row,pickup_datetime,pickup_longitude,pickup_latitude,x_km,y_km,fare_amount,passenger_count,dropoff_longitude,dropoff_latitude
169730,2014-03-20 07:06:50+00:00,-73.996867000,40.742395000,-0.306718541,0.645014797,16.000000000,1,-74.005628000,40.706580000
51147,2014-06-18 22:33:35+00:00,-73.954978000,40.788417000,3.169126023,5.795072965,7.000000000,1,-73.954447000,40.774055000
170038,2014-01-12 18:51:59+00:00,-73.978872000,40.736604000,1.220078775,0.019691064,10.000000000,1,-73.994954000,40.718291000
84484,2014-04-03 15:58:35+00:00,-73.958683000,40.780907000,2.866426160,4.957684054,10.000000000,2,-73.977028000,40.774854000
90651,2014-08-23 19:41:59+00:00,-73.990015000,40.768358000,0.238626384,3.533732322,10.000000000,1,-73.974533000,40.754152000
16335,2014-02-23 02:12:00+00:00,-73.972385000,40.794087000,1.693087719,6.407133660,13.000000000,6,-73.997492000,40.761727000
107159,2014-02-10 23:48:16+00:00,-74.008119000,40.737602000,-1.250713565,0.102162711,19.500000000,1,-73.980400000,40.676557000
127460,2014-01-09 00:59:53+00:00,-73.962592000,40.767312000,2.554426315,3.444623819,9.500000000,1,-73.985562000,40.747250000
155584,2014-03-15 14:09:00+00:00,-73.979450000,40.761572000,1.139045546,2.790753381,9.000000000,1,-73.973835000,40.782965000
45765,2014-01-17 18:06:08+00:00,-73.972788000,40.755967000,1.708641065,2.175117895,14.500000000,1,-73.985297000,40.718753000
105062,2014-08-28 10:55:00+00:00,-73.991175000,40.733010000,0.185829477,-0.391278421,5.500000000,1,-73.998887000,40.731897000
59505,2014-04-22 18:13:00+00:00,-73.983912000,40.761110000,0.763020490,2.735097085,10.000000000,2,-73.979228000,40.752077000
33243,2014-02-07 21:12:00+00:00,-73.969852000,40.784692000,1.919034707,5.366720118,4.000000000,1,-73.976372000,40.785877000
107029,2014-01-21 08:21:00+00:00,-74.015350000,40.716092000,-1.834495030,-2.292464351,20.000000000,1,-73.978280000,40.737425000
83218,2014-06-05 00:00:00+00:00,-73.981932000,40.731020000,0.968888153,-0.603172788,7.000000000,5,-73.986277000,40.743497000
33297,2014-04-23 21:47:12+00:00,-73.994522000,40.734449000,-0.098627153,-0.234781630,4.500000000,1,-73.986705000,40.728175000
59862,2014-04-05 14:34:29+00:00,-73.947306000,40.780136000,3.827461692,4.883556606,7.000000000,1,-73.960456000,40.769070000
83256,2014-08-30 16:35:39+00:00,-73.983044000,40.747673000,0.853570362,1.244339907,11.000000000,2,-73.955216000,40.785856000
115766,2014-01-17 12:57:43+00:00,-73.987244000,40.754024000,0.490856492,1.945247219,15.000000000,2,-74.010821000,40.713452000
34976,2014-01-09 22:31:52+00:00,-73.991864000,40.684753000,0.189130066,-5.748785802,10.500000000,1,-73.962960000,40.660564000
27052,2014-02-05 16:26:00+00:00,-73.972300000,40.762507000,1.741331932,2.901589312,11.000000000,3,-73.949950000,40.782022000
55933,2014-09-06 00:57:00+00:00,-73.974712000,40.753987000,1.548798423,1.953423892,40.000000000,1,-73.934393000,40.664070000
197752,2014-06-10 08:39:53+00:00,-73.957863000,40.761325000,2.961441576,2.784750984,7.000000000,1,-73.971145000,40.761475000
169603,2014-04-28 22:10:34+00:00,-73.988459000,40.758207000,0.382939343,2.408408122,5.000000000,1,-73.985721000,40.760226000
176499,2014-08-17 04:02:00+00:00,-74.004982000,40.740847000,-0.989920526,0.465377784,12.500000000,1,-74.008163000,40.707697000
174660,2014-06-23 08:17:24+00:00,-73.960226000,40.769639000,2.751052110,3.705302724,27.500000000,1,-73.984176000,40.693686000
137380,2014-03-23 11:00:50+00:00,-73.979637000,40.762697000,1.121809392,2.915453283,7.500000000,2,-73.993951000,40.756629000
24150,2014-09-19 06:40:33+00:00,-73.950262000,40.784887000,3.571714768,5.407966430,4.000000000,1,-73.956987000,40.780202000
70185,2014-05-17 03:47:00+00:00,-73.975987000,40.765672000,1.426031321,3.249289877,8.000000000,1,-73.975892000,40.787247000
67191,2014-06-12 05:09:36+00:00,-73.991353000,40.749759000,0.149434992,1.467806423,11.500000000,1,-74.005881000,40.706375000
185778,2014-09-12 16:53:00+00:00,-73.873025000,40.774142000,10.104038381,4.296054876,24.000000000,1,-73.961150000,40.716240000
197395,2014-08-06 14:39:00+00:00,-73.960035000,40.771912000,2.764180581,3.957814494,8.000000000,1,-73.969340000,40.760265000
34255,2014-06-27 00:17:00+00:00,-73.994795000,40.760592000,-0.154915776,2.667014959,4.000000000,2,-73.991240000,40.755837000
18707,2014-02-27 11:34:00+00:00,-73.995970000,40.725297000,-0.209278995,-1.252115532,14.500000000,1,-73.939823000,40.707982000
59049,2014-04-11 00:15:26+00:00,-73.988553000,40.743905000,0.393301664,0.820690649,6.500000000,1,-73.973144000,40.749706000
80788,2014-01-05 23:46:00+00:00,-73.979122000,40.766907000,1.159839975,3.383300808,6.000000000,3,-73.976935000,40.758675000
7163,2014-06-14 13:47:00+00:00,-73.973278000,40.757510000,1.665274656,2.345918351,6.000000000,1,-73.982773000,40.744935000
127478,2014-04-24 14:50:00+00:00,-73.991797000,40.695872000,0.180630211,-4.514443800,17.500000000,5,-73.994412000,40.727832000
21121,2014-09-09 09:17:00+00:00,-73.976823000,40.755785000,1.368270259,2.150935407,7.000000000,1,-73.971637000,40.763072000
194073,2014-04-28 12:07:00+00:00,-73.985665000,40.727130000,0.658645371,-1.038638075,3.500000000,2,-73.983382000,40.731732000
158980,2014-05-03 09:17:16+00:00,-73.954761000,40.767320000,3.215341840,3.453356461,10.000000000,2,-73.973867000,40.755179000
94708,2014-02-15 16:38:29+00:00,-73.954843000,40.780055000,3.191578057,4.866959244,52.000000000,1,-73.790656000,40.644209000
170577,2014-01-13 06:26:01+00:00,-73.955992000,40.781956000,3.092110646,5.076830781,9.500000000,1,-73.979507000,40.754896000
115715,2014-05-19 18:11:00+00:00,-73.966255000,40.773847000,2.236725878,4.166410387,8.000000000,1,-73.985130000,40.768577000
52294,2014-08-03 00:40:00+00:00,-73.971587000,40.762830000,1.801092239,2.938149876,12.500000000,5,-73.928840000,40.757757000
85553,2014-06-20 12:34:00+00:00,-74.006695000,40.730942000,-1.122112027,-0.635783533,6.000000000,2,-73.995017000,40.738395000
133808,2014-09-05 10:55:07+00:00,-73.993256000,40.748037000,-0.009025071,1.274807458,6.000000000,1,-74.005506000,40.750840000
35524,2014-06-14 22:41:26+00:00,-73.975751000,40.789717000,1.414782182,5.918705805,3.500000000,1,-73.973477000,40.784782000
3250,2014-03-15 10:51:28+00:00,-73.973974000,40.794298000,1.558758089,6.428986580,20.500000000,1,-74.004405000,40.725598000
16916,2014-01-05 19:08:00+00:00,-73.962982000,40.758322000,2.533305619,2.446276138,10.500000000,6,-73.990632000,40.751127000
23897,2014-02-14 08:45:00+00:00,-73.956052000,40.772117000,3.100046559,3.984563529,5.000000000,1,-73.958622000,40.760150000
51432,2014-02-12 17:47:00+00:00,-73.980608000,40.733927000,1.076945896,-0.279178274,13.500000000,1,-73.995307000,40.749890000
41569,2014-02-07 09:06:00+00:00,-73.967340000,40.793337000,2.119688331,6.328877673,11.500000000,1,-73.980167000,40.775622000
65257,2014-05-25 14:08:00+00:00,-73.970018000,40.769180000,1.925247470,3.644601816,8.000000000,6,-73.983042000,40.780875000
90770,2014-05-15 22:27:00+00:00,-73.961532000,40.771647000,2.638192704,3.926900830,9.500000000,1,-73.980272000,40.746480000
119530,2014-07-25 13:57:00+00:00,-73.971212000,40.760195000,1.836173411,2.646016013,12.500000000,1,-73.987608000,40.778132000
81897,2014-05-21 20:13:56+00:00,-73.965165000,40.775215000,2.326919948,4.319353652,8.000000000,1,-73.972898000,40.756533000
143963,2014-06-20 06:49:00+00:00,-73.960517000,40.778390000,2.714981804,4.676441358,3.000000000,1,-73.958270000,40.778927000
169340,2014-02-19 13:16:00+00:00,-73.977457000,40.751610000,1.320152364,1.686855801,13.000000000,1,-73.985772000,40.763237000
32594,2014-08-03 17:26:53+00:00,-74.010167000,40.705987000,-1.384081049,-3.409263224,25.000000000,1,-73.990093000,40.759873000
54102,2014-07-01 19:47:00+00:00,-73.986545000,40.730182000,0.580419435,-0.700703244,18.000000000,1,-73.994008000,40.695425000
59446,2014-03-30 23:43:24+00:00,-73.956258000,40.778519000,3.074205691,4.695029201,13.500000000,1,-73.914226000,40.806366000
16111,2014-09-14 20:56:18+00:00,-73.988570000,40.731452000,0.407793166,-0.561696339,12.000000000,1,-73.978840000,40.761824000
184341,2014-07-24 08:33:13+00:00,-74.009985000,40.705221000,-1.367748108,-3.494120802,14.000000000,1,-73.984893000,40.728090000
64634,2014-03-18 18:55:00+00:00,-73.959707000,40.758305000,2.809770910,2.447661127,14.000000000,5,-73.993742000,40.746697000
95025,2014-05-15 00:58:00+00:00,-73.986927000,40.751060000,0.521414295,1.616530419,4.500000000,1,-73.990337000,40.756597000
97682,2014-05-19 18:07:00+00:00,-73.965450000,40.759145000,2.323904533,2.535176332,7.000000000,1,-73.962910000,40.769455000
173083,2014-05-13 23:47:16+00:00,-73.782102000,40.644643000,17.976413191,-9.976771441,17.500000000,1,-73.815597000,40.704447000
117421,2014-03-06 23:43:00+00:00,-73.950742000,40.786142000,3.529547304,5.546796959,6.500000000,2,-73.963590000,40.774555000
37776,2014-01-23 22:15:35+00:00,-73.999253000,40.717559000,-0.476745153,-2.114250093,6.500000000,1,-74.002670000,40.733661000
38717,2014-05-21 22:42:55+00:00,-73.974512000,40.793855000,1.513945124,6.379279021,3.500000000,2,-73.977951000,40.788807000
118532,2014-07-20 05:15:00+00:00,-73.981600000,40.736530000,0.989828699,0.008800839,5.000000000,1,-73.985820000,40.743330000
72247,2014-05-08 11:05:55+00:00,-73.988563000,40.758795000,0.373408345,2.473579291,14.000000000,1,-73.994203000,40.750964000
130816,2014-04-01 23:18:58+00:00,-73.992157000,40.736020000,0.099071740,-0.058099876,17.000000000,3,-73.984567000,40.774755000
74891,2014-06-23 15:35:00+00:00,-74.000760000,40.747237000,-0.641523663,1.178762236,8.500000000,2,-73.998687000,40.727130000
164456,2014-03-07 06:14:00+00:00,-73.967442000,40.756927000,2.158659016,2.286981192,6.000000000,1,-73.954397000,40.763837000
78738,2014-01-14 17:02:36+00:00,-74.016298000,40.710852000,-1.908051482,-2.875035309,13.500000000,1,-73.992077000,40.738112000
23845,2014-01-25 09:08:41+00:00,-73.996626000,40.742697000,-0.286754100,0.678771492,67.250000000,1,-74.181890000,40.687698000
50442,2014-04-03 02:09:36+00:00,-73.988208000,40.744343000,0.421868933,0.869647475,6.500000000,2,-73.978958000,40.758289000
151289,2014-01-27 12:11:34+00:00,-73.976392000,40.751868000,1.409724008,1.716543757,17.000000000,2,-73.992935000,40.753565000
191624,2014-07-07 18:17:00+00:00,-73.976867000,40.765912000,1.351448034,3.275065215,8.500000000,1,-73.977237000,40.755565000
55578,2014-07-08 14:39:17+00:00,-73.972544000,40.756409000,1.728663360,2.224424313,27.000000000,1,-73.962801000,40.811277000
153408,2014-07-03 08:07:00+00:00,-73.995937000,40.724342000,-0.205279908,-1.358095107,4.500000000,1,-73.989527000,40.731070000
88550,2014-01-13 11:44:29+00:00,-73.977268000,40.754145000,1.332828059,1.968445385,3.000000000,1,-73.977255000,40.754471000
96946,2014-01-29 08:41:57+00:00,-73.870849000,40.773819000,10.288133433,4.262560666,43.500000000,1,-73.982157000,40.670160000
88009,2014-08-28 21:11:36+00:00,-73.988797000,40.756922000,0.356052484,2.265434793,6.000000000,1,-73.978046000,40.763667000
125828,2014-01-28 19:51:37+00:00,-73.975412000,40.762650000,1.478479123,2.914391528,8.000000000,1,-73.962658000,40.768299000
115257,2014-06-09 18:27:13+00:00,-73.990322000,40.728949000,0.263042578,-0.841249388,8.000000000,2,-73.983212000,40.743952000
9424,2014-06-01 23:39:00+00:00,-74.000488000,40.732462000,-0.599885741,-0.461104755,4.000000000,2,-73.996020000,40.738617000
172115,2014-04-30 00:39:04+00:00,-74.014127000,40.714089000,-1.728700628,-2.513651476,5.000000000,1,-74.003715000,40.716034000
52764,2014-05-03 15:20:37+00:00,-73.981708000,40.774515000,0.931780967,4.225310814,9.000000000,1,0.000000000,0.000000000
42794,2014-04-02 06:58:00+00:00,-73.994210000,40.751140000,-0.093511964,1.618339469,15.000000000,5,-73.952590000,40.789440000
1565,2014-09-09 07:35:13+00:00,-73.978731000,40.753432000,1.210249586,1.887858892,9.000000000,1,-73.995880000,40.764228000
70192,2014-01-16 23:24:00+00:00,-73.789857000,40.643685000,17.322156176,-10.092166919,23.500000000,1,-73.884187000,40.681875000
31759,2014-02-04 10:16:51+00:00,-74.014477000,40.703708000,-1.745334628,-3.666340197,19.000000000,1,-73.984846000,40.748637000
173443,2014-06-27 05:24:18+00:00,-73.983821000,40.762641000,0.768733232,2.905138515,20.000000000,1,-73.983751000,40.762559000
130268,2014-03-12 20:35:30+00:00,-74.010085000,40.712170000,-1.384888991,-2.722832734,4.000000000,1,-74.005263000,40.720166000
187184,2014-03-01 08:29:25+00:00,-73.955502000,40.785359000,3.128958100,5.455083455,9.500000000,1,-73.960093000,40.809770000
9250,2014-01-31 22:17:17+00:00,-73.992327000,40.715135000,0.111322330,-2.376641187,11.500000000,1,-74.012640000,40.701561000
123372,2014-01-02 06:47:00+00:00,-73.950820000,40.771012000,3.543055789,3.867167442,8.500000000,2,-73.973522000,40.759612000
55343,2014-04-19 07:44:26+00:00,-73.999067000,40.754950000,-0.508358781,2.036589509,4.500000000,1,-73.990240000,40.757439000
180924,2014-03-23 09:42:48+00:00,-73.984448000,40.759955000,0.719262544,2.606359697,23.000000000,4,-73.939722000,40.829860000
151594,2014-08-17 02:01:00+00:00,-73.992677000,40.741253000,0.048498206,0.522295920,10.500000000,1,-73.989065000,40.722925000
157620,2014-05-30 16:13:36+00:00,-73.982339000,40.769626000,0.884826952,3.681976240,31.500000000,2,-73.996651000,40.726975000
109159,2014-02-23 11:58:29+00:00,-73.948330000,40.776488000,3.745909329,4.477562909,16.500000000,2,-73.937517000,40.751527000
121069,2014-07-30 04:55:43+00:00,-73.968278000,40.799934000,2.031936378,7.060267447,5.500000000,1,-73.976870000,40.788133000
109072,2014-04-03 02:36:00+00:00,-73.984080000,40.743252000,0.771787936,0.752564232,20.000000000,5,-73.988642000,40.667772000
198473,2014-05-09 12:27:56+00:00,-73.988665000,40.722459000,0.411269001,-1.560073095,57.330000000,1,-73.782306000,40.648759000
153163,2014-02-24 12:46:00+00:00,-73.934217000,40.853370000,4.833087762,13.026512036,14.500000000,1,-73.961165000,40.806787000
155528,2014-04-07 17:48:02+00:00,-73.971906000,40.755183000,1.784112915,2.088959935,11.500000000,1,-73.986391000,40.746155000
66955,2014-05-03 22:54:44+00:00,-74.015692000,40.710657000,-1.856620165,-2.896108096,23.500000000,1,-73.950507000,40.771097000
92054,2014-09-13 10:13:00+00:00,-73.870960000,40.773842000,10.278733191,4.264993286,36.330000000,6,-73.984288000,40.759875000
135174,2014-04-20 02:50:20+00:00,-73.987057000,40.733508000,0.532923665,-0.331993159,12.500000000,1,-73.979636000,40.771296000
65647,2014-05-15 14:44:29+00:00,-73.984470000,40.748132000,0.732593000,1.293898313,4.500000000,1,-73.991361000,40.739103000
144918,2014-01-06 12:14:50+00:00,-73.872512000,40.774162000,10.147302119,4.298831360,2.500000000,1,0.000000000,0.000000000
179186,2014-04-01 22:39:19+00:00,-73.991387000,40.750102000,0.146127118,1.505848919,16.500000000,1,-73.989042000,40.695171000
193881,2014-01-25 12:55:00+00:00,-73.965663000,40.805687000,2.244996353,7.701497637,3.500000000,6,-73.963570000,40.808287000
46103,2014-02-06 23:36:00+00:00,-73.995888000,40.744257000,-0.226425954,0.852655058,9.000000000,1,-73.988077000,40.763117000
115911,2014-03-16 19:11:00+00:00,-73.986380000,40.751087000,0.567556948,1.620060793,8.500000000,5,-73.984542000,40.760817000
102763,2014-03-21 21:23:15+00:00,-74.002361000,40.729106000,-0.753813720,-0.835442528,7.000000000,1,-73.994205000,40.732261000
148204,2014-05-10 23:13:00+00:00,-74.012907000,40.717392000,-1.629773217,-2.145839634,6.500000000,1,-74.002757000,40.728537000
79142,2014-03-17 03:56:33+00:00,-73.986799000,40.760179000,0.520532478,2.628931337,6.500000000,2,-73.990359000,40.750880000
142194,2014-06-21 12:00:00+00:00,-73.994520000,40.736470000,-0.101027707,-0.010434649,6.500000000,1,-74.007800000,40.740550000
75347,2014-06-16 14:59:00+00:00,-73.925370000,40.762007000,5.703129277,2.893540018,4.000000000,5,-73.920930000,40.767457000
45914,2014-06-08 00:44:04+00:00,-73.998164000,40.713345000,-0.379430679,-2.580983062,12.500000000,1,-73.956656000,40.713015000
104410,2014-09-25 15:03:00+00:00,-73.871212000,40.773782000,10.257552420,4.258059099,37.330000000,2,-73.974808000,40.790622000
33760,2014-05-17 14:23:00+00:00,-73.985910000,40.740720000,0.620529931,0.469707609,23.000000000,1,-73.977282000,40.676418000
79039,2014-01-31 00:19:24+00:00,-74.002370000,40.714558000,-0.736227427,-2.450375986,4.500000000,1,-73.995072000,40.712246000
193883,2014-08-08 18:08:15+00:00,-73.985649000,40.739889000,0.643632677,0.377715330,12.000000000,2,-73.992435000,40.753875000
174302,2014-03-11 07:47:00+00:00,-73.967938000,40.792390000,2.070474913,6.223158985,11.500000000,2,-73.963352000,40.768850000
194219,2014-07-27 09:56:49+00:00,-73.984352000,40.764688000,0.721284115,3.131852004,42.000000000,1,-74.029082000,40.743701000
1953,2014-08-03 11:08:00+00:00,-73.976900000,40.775162000,1.336687954,4.301853930,7.000000000,1,-73.967568000,40.764467000
93940,2014-05-16 19:09:28+00:00,-74.015245000,40.715759000,-1.825211917,-2.329330075,10.000000000,1,-74.005018000,40.746448000
101744,2014-07-13 12:51:13+00:00,-74.003848000,40.722253000,-0.870756068,-1.597597302,9.500000000,1,-73.984111000,40.725349000
81189,2014-03-13 08:06:43+00:00,-73.993311000,40.728000000,0.011838040,-0.949493149,17.500000000,1,-73.982575000,40.769099000
22645,2014-05-13 22:49:00+00:00,-73.999820000,40.738457000,-0.551059741,0.205024131,18.500000000,3,-73.943858000,40.718195000
107532,2014-05-26 18:30:00+00:00,-73.949742000,40.772402000,3.632185270,4.022556967,16.500000000,2,-73.997687000,40.745007000
132011,2014-01-21 21:19:16+00:00,-73.982007000,40.768673000,0.914073852,3.576511028,12.500000000,1,-73.971772000,40.797379000
117482,2014-01-02 15:08:00+00:00,-73.862705000,40.768495000,10.983074350,3.680430938,51.830000000,6,-74.010010000,40.721137000
155652,2014-03-08 03:09:00+00:00,-73.983405000,40.766057000,0.799451897,3.284747027,10.500000000,2,-73.971525000,40.797762000
158542,2014-04-25 08:00:33+00:00,-73.943233000,40.789417000,4.158737552,5.917956027,10.500000000,1,-73.970737000,40.795088000
43094,2014-01-30 20:45:00+00:00,-73.966762000,40.764185000,2.206571774,3.093349713,7.000000000,2,-73.956827000,40.780875000
70431,2014-05-15 10:13:00+00:00,-73.973260000,40.744092000,1.684219527,0.856439549,15.500000000,2,-73.965395000,40.769222000
159514,2014-09-09 09:13:49+00:00,-73.985908000,40.748942000,0.610154033,1.382410510,9.000000000,2,-73.983383000,40.734508000
48507,2014-03-22 19:17:08+00:00,-73.969045000,40.790840000,1.979103635,6.049997773,4.000000000,1,-73.974271000,40.788299000
33705,2014-01-29 17:51:40+00:00,-73.990074000,40.739281000,0.270791947,0.305915258,3.500000000,1,-73.988868000,40.737048000
74758,2014-04-06 12:07:00+00:00,-73.974815000,40.790835000,1.492301868,6.043735608,8.500000000,1,-73.963282000,40.774592000
33630,2014-03-28 13:15:04+00:00,-73.986771000,40.736714000,0.552966491,0.024173906,9.000000000,1,-73.967078000,40.752377000
46581,2014-02-10 09:26:00+00:00,-73.985270000,40.759230000,0.650809939,2.525076611,18.000000000,1,-74.002307000,40.718847000
145238,2014-07-22 21:11:00+00:00,-73.991658000,40.755320000,0.116593977,2.084822065,6.000000000,1,-73.985480000,40.768029000
72578,2014-04-15 16:03:00+00:00,-73.989080000,40.762962000,0.324439487,2.935644472,7.000000000,6,-73.995477000,40.754335000
125735,2014-09-15 18:53:00+00:00,-74.002042000,40.719657000,-0.714954611,-1.884038750,5.500000000,2,-73.996482000,40.729557000
30617,2014-02-07 22:09:45+00:00,-73.951275000,40.785804000,3.485024165,5.508738305,9.500000000,1,-73.958055000,40.761201000
19572,2014-03-08 00:45:00+00:00,-73.981517000,40.674992000,1.076038390,-6.822233542,13.000000000,1,-73.970697000,40.638785000
178974,2014-07-29 10:01:00+00:00,-73.990298000,40.757067000,0.229165301,2.280071927,10.000000000,1,-74.009490000,40.738125000
105155,2014-04-08 19:51:00+00:00,-73.947367000,40.775760000,3.828143898,4.397723868,35.830000000,1,-73.976358000,40.760465000
47125,2014-02-17 20:46:58+00:00,-73.999820000,40.734085000,-0.545530535,-0.280298204,5.000000000,1,-74.004634000,40.722754000
7469,2014-07-19 14:06:00+00:00,-73.982432000,40.775215000,0.869781602,4.302307253,5.500000000,1,-73.982665000,40.764005000
74987,2014-01-05 19:33:00+00:00,-73.959537000,40.809497000,2.756705088,8.130554662,19.000000000,2,-73.960317000,40.761867000
143311,2014-02-24 20:54:43+00:00,-73.954612000,40.765555000,3.230251774,3.257577637,6.500000000,1,-73.952778000,40.780794000
140799,2014-05-20 18:43:00+00:00,-73.981975000,40.728282000,0.968781069,-0.907151802,7.000000000,2,-73.995215000,40.736127000
52314,2014-03-11 02:34:15+00:00,-73.932479000,40.759156000,5.106940796,2.569732289,6.000000000,1,-73.945419000,40.751000000
124793,2014-01-10 13:07:55+00:00,-73.964051000,40.768015000,2.430367192,3.521207230,18.000000000,1,-73.986783000,40.714396000
93912,2014-04-21 18:02:00+00:00,-73.971035000,40.758627000,1.853154642,2.472131403,10.000000000,1,-73.991110000,40.740590000
165603,2014-09-30 14:20:21+00:00,-73.975525000,40.732972000,1.507395766,-0.380193871,10.000000000,3,-73.958578000,40.759802000
147845,2014-08-04 20:38:00+00:00,-73.975357000,40.789520000,1.448279580,5.897225547,5.500000000,5,-73.970292000,40.799830000
183265,2014-03-06 12:25:00+00:00,-73.980757000,40.736960000,1.060455359,0.057359943,57.330000000,2,-73.805730000,40.651180000
170395,2014-01-16 17:02:00+00:00,-73.995950000,40.738622000,-0.224505630,0.227070425,14.500000000,3,-73.971642000,40.782102000
180393,2014-06-06 01:31:27+00:00,-73.951397000,40.778612000,3.484275422,4.710245341,10.000000000,1,-73.975660000,40.740976000
42708,2014-06-07 04:14:36+00:00,-73.981830000,40.743168000,0.961861418,0.745440690,16.500000000,1,-73.944217000,40.711635000
6212,2014-01-09 07:58:00+00:00,-73.983757000,40.764855000,0.771288528,3.150971759,4.500000000,1,-73.976030000,40.763590000
69942,2014-02-17 08:18:08+00:00,-73.991059000,40.750236000,0.173645986,1.521042157,6.000000000,1,-73.979740000,40.753114000
173434,2014-01-22 17:55:00+00:00,-74.014197000,40.717702000,-1.739114971,-2.112651414,6.000000000,1,-74.006187000,40.718137000
45940,2014-06-21 01:44:00+00:00,-73.987162000,40.729547000,0.529129667,-0.771793839,6.000000000,1,-73.999597000,40.730177000
188208,2014-09-27 15:46:00+00:00,-73.983625000,40.726052000,0.832307318,-1.156311309,13.000000000,1,-74.006482000,40.738157000
99076,2014-08-09 04:10:00+00:00,-74.006003000,40.741252000,-1.076634665,0.509358977,7.500000000,6,-73.993818000,40.761907000
155601,2014-07-30 15:35:00+00:00,-73.970783000,40.759910000,1.872755373,2.614803508,6.500000000,1,-73.973563000,40.764777000
162336,2014-09-04 21:53:00+00:00,-73.999270000,40.749330000,-0.518381108,1.412533400,8.500000000,5,-74.007600000,40.725810000
181848,2014-04-05 02:40:00+00:00,-73.914927000,40.763912000,6.581961300,3.115858009,5.500000000,2,-73.931185000,40.770332000
134724,2014-09-21 02:02:00+00:00,-73.965448000,40.769310000,2.310768318,3.663570965,12.500000000,1,-73.975525000,40.732932000
29702,2014-02-07 20:23:00+00:00,-73.983397000,40.781237000,0.780598958,4.969852061,5.500000000,6,-73.974422000,40.792397000
195079,2014-08-07 13:54:00+00:00,-73.948277000,40.782697000,3.742117331,5.166865300,6.500000000,1,-73.959838000,40.778660000
10685,2014-08-09 01:54:14+00:00,-73.980579000,40.730472000,1.083847879,-0.662678891,9.000000000,1,-73.995515000,40.749483000
96056,2014-06-10 21:15:00+00:00,-73.992980000,40.743230000,0.020397761,0.741463399,10.000000000,1,-73.982730000,40.723030000
161668,2014-08-20 12:55:00+00:00,-73.994682000,40.721420000,-0.095578135,-1.681244062,13.000000000,5,-73.974022000,40.757252000
82877,2014-05-08 08:21:34+00:00,-73.991291000,40.749175000,0.155414157,1.403038356,7.500000000,2,-73.977838000,40.738995000
139877,2014-06-13 13:17:00+00:00,-73.783315000,40.648632000,17.867722559,-9.535386065,9.000000000,1,-73.796205000,40.668030000
68079,2014-04-04 17:40:00+00:00,-73.957932000,40.778895000,2.932450156,4.735088641,5.500000000,3,-73.956190000,40.784477000
98971,2014-05-11 15:22:36+00:00,-73.819297000,40.708077000,14.736818246,-2.978049986,57.330000000,2,-73.983819000,40.769540000
165006,2014-03-16 16:52:00+00:00,-73.989087000,40.758372000,0.329718800,2.426113471,62.000000000,3,-73.977942000,40.666050000
5003,2014-02-16 23:08:44+00:00,-73.874475000,40.774036000,9.981823290,4.282716925,28.500000000,1,-73.979077000,40.731092000
46760,2014-06-20 14:08:51+00:00,-73.873001000,40.774058000,10.106183551,4.286756197,37.830000000,1,-73.978196000,40.766021000
115452,2014-04-03 08:28:00+00:00,-73.970345000,40.789210000,1.871548654,5.867765948,5.000000000,1,-73.970137000,40.794170000
111012,2014-08-27 17:49:42+00:00,-73.955957000,40.776332000,3.102495054,4.452557132,6.000000000,3,-73.969527000,40.785158000
44209,2014-04-26 09:31:27+00:00,-73.982921000,40.781978000,0.819810443,5.052574540,11.000000000,1,-73.968292000,40.759665000
180840,2014-02-17 11:46:00+00:00,-73.993475000,40.692147000,0.043594590,-4.929567287,13.000000000,2,-74.000530000,40.721032000
2625,2014-09-24 19:07:00+00:00,-74.001630000,40.751167000,-0.719935002,1.614184593,11.500000000,5,-73.975123000,40.787575000
20262,2014-08-31 09:05:00+00:00,-73.937773000,40.758277000,4.661260190,2.466733618,28.500000000,6,-73.815600000,40.724700000
126670,2014-06-30 13:21:13+00:00,-73.957596000,40.769868000,2.972710855,3.733357506,28.500000000,1,-73.870972000,40.773966000
120149,2014-03-16 19:41:41+00:00,-73.994581000,40.750158000,-0.123582621,1.508971504,6.500000000,2,-74.005777000,40.738134000
144415,2014-05-05 11:28:36+00:00,-73.983563000,40.761668000,0.791760799,2.797380443,8.000000000,1,-73.980643000,40.753180000
166515,2014-08-05 14:23:43+00:00,-74.009973000,40.734598000,-1.403497525,-0.233069050,8.000000000,1,-73.995031000,40.750146000
8881,2014-05-22 07:11:07+00:00,-73.975250000,40.755737000,1.501114450,2.147156408,4.000000000,1,-73.971341000,40.760311000
101054,2014-08-12 22:07:00+00:00,-74.007867000,40.730942000,-1.221080990,-0.636902538,18.000000000,2,-73.983999000,40.765600000
151924,2014-04-21 15:39:00+00:00,-73.991808000,40.750217000,0.110439512,1.518206394,8.000000000,1,-73.980028000,40.735375000
195157,2014-08-27 10:47:02+00:00,-73.993130000,40.727758000,0.027431228,-0.976181537,6.500000000,1,-73.993873000,40.735033000
161501,2014-07-06 00:59:00+00:00,-74.007122000,40.716440000,-1.139967971,-2.246010050,8.500000000,1,-73.985988000,40.732887000
49149,2014-02-24 07:28:00+00:00,-73.991642000,40.749957000,0.124784864,1.489505507,10.000000000,1,-73.975487000,40.750000000
24647,2014-06-10 22:45:00+00:00,-73.978312000,40.745657000,1.255667121,1.025188852,4.000000000,1,-73.987617000,40.749552000
77492,2014-02-06 20:21:53+00:00,-73.998378000,40.750665000,-0.444768590,1.561587022,5.500000000,1,-74.008190000,40.747778000
92405,2014-07-14 09:00:00+00:00,-73.950388000,40.783377000,3.563089375,5.240216973,15.000000000,1,-73.969492000,40.760287000
96364,2014-01-04 10:58:00+00:00,-74.005870000,40.745222000,-1.070396414,0.950184084,5.500000000,5,-74.000067000,40.738152000
137025,2014-02-04 11:35:09+00:00,-73.991397000,40.730055000,0.170851625,-0.719519170,10.500000000,3,-73.986027000,40.743663000
151704,2014-04-09 21:16:00+00:00,-74.007122000,40.728362000,-1.154931208,-0.922588865,7.500000000,1,-73.996877000,40.718070000
103781,2014-06-16 20:14:00+00:00,-73.953750000,40.785110000,3.277114346,5.429204473,8.500000000,2,-73.965880000,40.803890000
81329,2014-04-15 13:42:08+00:00,-73.949463000,40.781251000,3.643966167,5.005148310,10.500000000,1,-73.961046000,40.761255000
133116,2014-04-07 15:21:06+00:00,-73.971791000,40.788933000,1.749908836,5.835585283,8.500000000,3,-73.983154000,40.775540000
28695,2014-07-22 18:26:16+00:00,-74.013208000,40.705881000,-1.640840510,-3.423920112,14.500000000,1,-73.974442000,40.732452000
186465,2014-07-31 17:54:00+00:00,-73.972537000,40.745840000,1.742989585,1.051194479,12.000000000,1,-74.003862000,40.723900000
176790,2014-05-12 20:02:00+00:00,-73.968417000,40.626627000,2.246166748,-12.178103769,18.500000000,3,-73.976865000,40.683740000
40822,2014-09-10 07:13:20+00:00,-73.954250000,40.719163000,3.322157728,-1.891908418,4.000000000,2,-73.960986000,40.712068000
183692,2014-02-02 17:39:02+00:00,-73.996517000,40.737202000,-0.270578336,0.068893095,5.500000000,1,-73.993945000,40.746063000
183751,2014-09-09 14:59:00+00:00,-73.957070000,40.775825000,3.009241167,4.395158826,18.500000000,1,-73.987277000,40.748957000
101856,2014-06-06 23:19:00+00:00,-73.978185000,40.778170000,1.224358815,4.634501453,4.000000000,1,-73.981280000,40.771832000
37490,2014-04-25 22:34:00+00:00,-73.981370000,40.781142000,0.951761650,4.961290733,8.500000000,1,-73.984068000,40.760217000
131251,2014-05-08 20:47:25+00:00,-73.985415000,40.760235000,0.637280725,2.636497574,4.000000000,1,-73.980650000,40.757280000
189209,2014-03-11 23:39:34+00:00,-73.985105000,40.747503000,0.679791873,1.223454681,12.000000000,1,-73.953394000,40.788356000
80085,2014-06-07 10:11:41+00:00,-73.943784000,40.807125000,4.088569213,7.883132490,15.500000000,1,-73.980703000,40.770803000
12212,2014-04-16 07:57:00+00:00,-73.980038000,40.748595000,1.106157841,1.349633376,18.500000000,2,-73.958035000,40.781785000
181692,2014-01-18 14:01:00+00:00,-73.965807000,40.761222000,2.291053092,2.765383820,7.500000000,5,-73.978065000,40.741817000
145776,2014-03-08 14:41:38+00:00,-73.998942000,40.744764000,-0.484910030,0.905990556,6.000000000,1,-73.992629000,40.747828000
48905,2014-04-11 07:58:00+00:00,-73.976800000,40.763900000,1.359707511,3.051783885,10.000000000,1,-73.954230000,40.764007000
156980,2014-06-18 09:11:00+00:00,-73.983170000,40.744720000,0.846730582,0.916412374,14.000000000,1,-73.981970000,40.756865000
103202,2014-06-07 19:39:41+00:00,-73.973827000,40.764663000,1.609646838,3.139413190,15.000000000,1,-73.998410000,40.724417000
141808,2014-01-31 21:34:00+00:00,-73.957928000,40.765107000,2.950968995,3.204516790,5.000000000,4,-73.948108000,40.776300000
34110,2014-06-26 15:56:27+00:00,-73.987073000,40.760407000,0.497112628,2.653974022,116.000000000,1,-74.176678000,40.694202000
129280,2014-03-04 18:14:00+00:00,-73.959098000,40.767647000,2.848874087,3.485304178,6.500000000,1,-73.967290000,40.756652000
31919,2014-05-21 06:21:19+00:00,-73.989162000,40.758792000,0.322850984,2.472663654,4.500000000,1,-73.979073000,40.757102000
131619,2014-06-22 04:28:00+00:00,-73.965790000,40.754370000,2.301452483,2.004777230,8.000000000,1,-73.983952000,40.731847000
183830,2014-08-21 17:19:41+00:00,-73.967470000,40.763028000,2.148326152,2.964210435,10.500000000,1,-73.983574000,40.743744000
141137,2014-07-23 08:46:00+00:00,-73.980617000,40.744627000,1.062393066,0.908588801,10.000000000,1,-73.982245000,40.758450000
168146,2014-01-17 18:18:00+00:00,-73.971232000,40.751957000,1.845205944,1.731516799,16.000000000,1,-73.999487000,40.748937000
3114,2014-05-08 20:57:57+00:00,-73.982783000,40.761752000,0.857489170,2.807468017,7.500000000,1,-73.976173000,40.780660000
157717,2014-01-02 18:24:08+00:00,-73.966260000,40.767102000,2.245126693,3.417658137,7.500000000,1,-73.984263000,40.775305000
29817,2014-09-01 00:43:55+00:00,-73.962902000,40.799260000,2.486326544,6.990798316,13.500000000,2,-73.939567000,40.842665000
170468,2014-07-01 21:57:00+00:00,-73.979132000,40.744232000,1.188277585,0.866198069,7.500000000,1,-73.963680000,40.765447000
35199,2014-01-28 13:08:00+00:00,-73.961843000,40.776262000,2.605883562,4.438891361,9.000000000,2,-73.982282000,40.768412000
94097,2014-04-24 00:39:11+00:00,-73.972276000,40.755964000,1.751864414,2.175290905,19.000000000,1,-73.968510000,40.709027000
5460,2014-06-08 19:44:00+00:00,-74.007698000,40.742762000,-1.221640857,0.675360409,16.000000000,1,-73.975123000,40.790652000
187844,2014-04-11 11:38:06+00:00,-73.992101000,40.769605000,0.060983454,3.670134154,11.500000000,1,-73.995235000,40.749913000
166998,2014-04-29 22:32:00+00:00,-73.990252000,40.719330000,0.281232246,-1.908955440,17.000000000,1,-73.991300000,40.696042000
12123,2014-09-06 17:07:00+00:00,-73.954232000,40.765872000,3.261904691,3.293149297,14.500000000,1,-73.988085000,40.736537000
36421,2014-04-06 21:01:00+00:00,-73.988517000,40.733987000,0.409026711,-0.280242213,28.500000000,1,-73.983577000,40.740977000
197250,2014-02-19 12:21:24+00:00,-73.963533000,40.757658000,2.487666296,2.372017636,8.500000000,1,-73.970304000,40.753030000
188065,2014-02-24 14:03:49+00:00,-73.991019000,40.732616000,0.199505058,-0.434863770,6.000000000,1,-74.004961000,40.728715000
67271,2014-08-18 19:07:33+00:00,-73.976991000,40.750339000,1.361135984,1.546223938,5.500000000,1,-73.974802000,40.759110000
166494,2014-01-14 22:04:18+00:00,-73.979518000,40.749868000,1.148414362,1.491455943,7.500000000,1,-73.994585000,40.745346000
199646,2014-03-18 01:00:00+00:00,-73.990910000,40.750585000,0.185779154,1.559928300,8.500000000,1,-74.002825000,40.739432000
181729,2014-08-29 12:28:00+00:00,-73.987415000,40.776095000,0.448145676,4.395128070,5.500000000,2,-73.996007000,40.764145000
54364,2014-02-12 00:01:00+00:00,-73.979860000,40.772040000,1.090927721,3.952378637,6.000000000,1,-73.975150000,40.786920000
152843,2014-03-02 01:26:17+00:00,-73.980507000,40.730552000,1.089824817,-0.653727741,13.500000000,1,-73.981925000,40.766495000
182380,2014-03-04 15:32:54+00:00,-73.993267000,40.736904000,0.004220090,0.038954896,3.500000000,2,-73.995046000,40.739729000
90497,2014-02-14 03:41:00+00:00,-73.985844000,40.756662000,0.605653849,2.239449444,27.000000000,1,-73.854519000,40.729935000
53970,2014-01-13 18:57:00+00:00,-73.993217000,40.747495000,-0.005042429,1.214679329,8.000000000,2,-73.994868000,40.728702000
177872,2014-01-11 16:20:00+00:00,-73.977510000,40.744462000,1.324922077,0.893323685,20.000000000,5,-73.906402000,40.741530000
177478,2014-04-14 00:55:44+00:00,-73.988900000,40.742206000,0.366177552,0.631752024,5.500000000,1,-73.978147000,40.742549000
46256,2014-09-06 00:31:00+00:00,-73.980015000,40.726785000,1.136229486,-1.071408185,10.000000000,1,-74.003117000,40.738172000
86799,2014-07-09 15:12:04+00:00,-73.987501000,40.750185000,0.474078272,1.518839872,9.500000000,1,-73.989132000,40.757709000
57346,2014-07-27 23:10:53+00:00,-73.788728000,40.642053000,17.420114517,-10.272015250,57.330000000,2,-73.985637000,40.744263000
32638,2014-09-20 08:21:32+00:00,-73.934503000,40.762427000,4.931687536,2.930762129,5.500000000,1,-73.940500000,40.750512000
97288,2014-01-17 19:34:50+00:00,-73.981395000,40.767621000,0.967080585,3.460330509,7.500000000,1,-73.986659000,40.759509000
2007,2014-04-25 06:51:00+00:00,-74.007452000,40.732390000,-1.187853637,-0.475768588,8.000000000,1,-73.991722000,40.754365000
35292,2014-09-21 19:28:00+00:00,-73.986653000,40.739727000,0.559069262,0.358753128,9.500000000,1,-73.960857000,40.760787000
189871,2014-07-14 22:31:47+00:00,-73.781839000,40.644749000,17.998488055,-9.964696777,32.000000000,1,-73.828883000,40.765159000
166319,2014-01-06 21:32:00+00:00,-73.975880000,40.761147000,1.440925159,2.747086036,6.000000000,1,-73.985870000,40.758375000
42645,2014-03-18 10:58:00+00:00,-73.978510000,40.777692000,1.197551663,4.581120282,18.000000000,1,-74.009282000,40.746992000
129089,2014-08-26 07:12:00+00:00,-73.969072000,40.761045000,2.015697184,2.742492454,5.500000000,1,-73.979498000,40.758265000
137184,2014-02-10 21:12:00+00:00,-73.983583000,40.766357000,0.784042863,3.317875244,7.500000000,1,-73.981177000,40.781082000
92696,2014-09-25 15:20:00+00:00,-73.948820000,40.781832000,3.697450227,5.070294048,5.000000000,1,-73.955605000,40.779542000
152033,2014-01-22 15:44:52+00:00,-73.959098000,40.776637000,2.837032861,4.483264473,7.500000000,1,-73.945217000,40.774830000
36336,2014-06-11 13:46:51+00:00,-73.978188000,40.761963000,1.245060301,2.835397015,12.000000000,4,-73.955243000,40.785772000
48475,2014-02-26 16:47:00+00:00,-73.984567000,40.744850000,0.728618877,0.929477911,4.500000000,1,-73.979035000,40.752635000
22851,2014-04-09 12:25:41+00:00,-74.011601000,40.715151000,-1.516666715,-2.393364602,7.500000000,1,-74.010132000,40.710435000
82357,2014-03-02 19:15:00+00:00,-74.002262000,40.734497000,-0.752254131,-0.236909644,14.500000000,2,-73.958907000,40.763697000
144273,2014-05-03 04:28:00+00:00,-73.987485000,40.728870000,0.502720125,-0.847260084,18.000000000,1,-73.993207000,40.665247000
194509,2014-02-11 14:16:00+00:00,-74.010343000,40.712502000,-1.407097049,-2.686224179,14.500000000,3,-73.995020000,40.750032000
84922,2014-02-23 21:52:00+00:00,-73.984310000,40.728722000,0.771030067,-0.860592386,15.000000000,1,-73.986997000,40.697402000
113605,2014-07-25 11:21:00+00:00,-73.788640000,40.641992000,17.427648860,-10.278684160,57.330000000,2,-73.978735000,40.762287000
39711,2014-08-29 10:11:54+00:00,-74.004703000,40.723589000,-0.944646436,-1.450111172,14.500000000,1,-73.993755000,40.751795000
171912,2014-06-09 16:31:08+00:00,-74.005669000,40.751190000,-1.060932023,1.612866867,8.500000000,1,-73.991139000,40.736055000
52017,2014-07-16 23:38:27+00:00,-73.999766000,40.733620000,-0.540382663,-0.331864462,14.500000000,2,-73.984634000,40.693181000
194852,2014-07-10 09:38:41+00:00,-73.978129000,40.752863000,1.261803591,1.825287259,7.000000000,1,-73.986687000,40.743125000
190529,2014-02-04 20:43:25+00:00,-73.957077000,40.802039000,2.974043636,7.305119270,3.500000000,1,-73.960806000,40.797497000
700,2014-02-17 11:35:00+00:00,-73.982698000,40.762237000,0.864039445,2.861389835,6.500000000,3,-73.980417000,40.754042000
194083,2014-05-11 02:45:00+00:00,-73.972520000,40.678610000,1.831728085,-6.411764471,31.000000000,1,-73.956045000,40.800515000
49277,2014-09-14 04:01:45+00:00,-74.004200000,40.742396000,-0.925845340,0.638076355,5.000000000,2,-74.000215000,40.747755000
70097,2014-08-06 15:23:00+00:00,-73.980745000,40.753662000,1.039938896,1.911414052,10.000000000,2,-73.963815000,40.757195000
93572,2014-02-14 22:27:23+00:00,-73.984655000,40.745228000,0.720703913,0.971352679,9.000000000,1,-74.007834000,40.740267000
72642,2014-08-09 19:15:00+00:00,-73.978565000,40.750497000,1.228054640,1.562215432,11.000000000,1,-73.985275000,40.766982000
104955,2014-04-23 02:09:01+00:00,-74.001842000,40.732580000,-0.714369953,-0.449306698,8.000000000,1,-73.992457000,40.719744000
128681,2014-02-25 18:51:08+00:00,-74.002165000,40.729508000,-0.737769276,-0.790629714,15.000000000,1,-73.972917000,40.758717000
23326,2014-02-25 07:26:40+00:00,-73.990916000,40.749901000,0.186145633,1.483993521,8.500000000,1,-73.970570000,40.762722000
138252,2014-09-06 10:08:33+00:00,-73.971141000,40.755229000,1.848629745,2.094823099,8.000000000,1,-73.954116000,40.778544000
29958,2014-01-30 13:05:27+00:00,-74.008097000,40.747943000,-1.261827556,1.250107276,15.500000000,1,-73.984420000,40.753408000
80364,2014-09-05 09:12:00+00:00,-73.977347000,40.758557000,1.320451713,2.458132448,7.500000000,1,-73.974710000,40.748575000
76251,2014-05-01 21:15:00+00:00,-73.957640000,40.769852000,2.969018558,3.731537259,5.500000000,1,-73.967052000,40.766717000
190446,2014-09-19 06:07:00+00:00,-73.983645000,40.749907000,0.799960131,1.491742400,57.330000000,1,-73.789857000,40.646932000
54028,2014-04-26 23:07:07+00:00,-74.005960000,40.740008000,-1.071440364,0.371307394,11.000000000,2,-73.985783000,40.772787000
19957,2014-09-12 15:45:59+00:00,-73.983031000,40.764276000,0.833309139,3.087408368,8.500000000,1,-73.970471000,40.756923000
36451,2014-03-19 11:02:05+00:00,-73.952386000,40.778216000,3.401344266,4.665288953,6.000000000,1,-73.969038000,40.785706000
89127,2014-05-10 15:18:02+00:00,-73.976698000,40.764095000,1.368064150,3.073530764,14.000000000,1,-73.976706000,40.735015000
130896,2014-03-23 02:26:00+00:00,-74.003480000,40.739097000,-0.860898409,0.272554119,11.000000000,1,-74.007277000,40.705607000
5658,2014-03-11 00:29:00+00:00,-73.975070000,40.755195000,1.517011539,2.087167831,6.000000000,1,-73.988065000,40.743632000
127048,2014-01-25 19:05:17+00:00,-73.982165000,40.772502000,0.895807710,4.001404682,4.000000000,1,-73.980043000,40.776215000
182121,2014-08-24 15:25:00+00:00,-73.959895000,40.762387000,2.788530598,2.900606016,4.000000000,1,-73.953898000,40.770262000
63222,2014-02-22 21:36:14+00:00,-74.005501000,40.727134000,-1.016497425,-1.057355961,12.000000000,4,-73.988053000,40.722659000
104419,2014-01-07 23:30:42+00:00,-73.986216000,40.756772000,0.574111498,2.251297423,5.500000000,1,-73.980681000,40.764812000
52893,2014-03-10 18:57:48+00:00,-74.016885000,40.596665000,-1.815928643,-15.550953507,11.000000000,1,-74.019305000,40.597110000
7529,2014-04-17 12:12:00+00:00,-73.969312000,40.761597000,1.994719832,2.803530649,20.000000000,5,-73.996572000,40.733322000
125198,2014-03-14 16:05:00+00:00,-73.976877000,40.755992000,1.363444043,2.173860798,7.000000000,1,-73.967797000,40.768577000
169685,2014-03-01 17:28:00+00:00,-73.959662000,40.770932000,2.796949211,3.849400083,12.000000000,1,-73.971602000,40.751185000
48317,2014-09-03 19:43:13+00:00,-73.987785000,40.738118000,0.465550052,0.179040072,3.000000000,1,-73.989158000,40.736452000
64328,2014-02-24 10:22:00+00:00,-73.963203000,40.798752000,2.461601561,6.934105796,10.500000000,1,-73.980757000,40.766070000
173340,2014-07-12 22:13:00+00:00,-73.975662000,40.751942000,1.471253386,1.725477322,5.500000000,1,-73.985815000,40.755690000
125803,2014-06-21 16:12:00+00:00,-73.991123000,40.755982000,0.160910485,2.158827981,10.000000000,1,-74.001955000,40.737875000
190522,2014-08-02 04:13:00+00:00,-74.007690000,40.740847000,-1.218562338,0.462789635,15.000000000,1,-74.006590000,40.706492000
129073,2014-02-02 20:08:36+00:00,-74.009458000,40.703997000,-1.321696657,-3.629490645,12.000000000,1,-73.983759000,40.723875000
195138,2014-03-19 21:59:00+00:00,-73.917977000,40.770162000,6.315975024,3.806478505,4.500000000,1,-73.911937000,40.767607000
1246,2014-07-14 11:39:00+00:00,-73.967868000,40.766365000,2.110375689,3.334247673,13.000000000,2,-73.990590000,40.750407000
110040,2014-07-22 16:37:50+00:00,-74.014143000,40.709497000,-1.724330693,-3.023408071,28.500000000,1,-73.973233000,40.763635000
21602,2014-07-21 06:01:00+00:00,-73.966522000,40.765092000,2.225642445,3.194272216,5.000000000,1,-73.961667000,40.773625000
68082,2014-05-04 19:40:59+00:00,-73.987048000,40.725116000,0.544430914,-1.263554076,8.500000000,1,-74.006294000,40.730192000
121981,2014-09-15 12:23:22+00:00,-73.999163000,40.760794000,-0.523861485,2.685224014,10.500000000,1,-73.988654000,40.749913000
187688,2014-06-02 16:54:00+00:00,-73.988877000,40.753370000,0.353842624,1.871058882,4.000000000,1,-73.988013000,40.748010000
196214,2014-09-13 12:10:00+00:00,-73.966817000,40.757037000,2.211272619,2.299812983,11.500000000,6,-73.990550000,40.723417000
99468,2014-03-03 19:52:00+00:00,-73.970310000,40.796732000,1.864696577,6.702803924,3.500000000,5,-73.972892000,40.793262000
177777,2014-03-27 05:55:26+00:00,-74.006421000,40.716905000,-1.081343478,-2.193722415,4.000000000,1,-74.012562000,40.717061000
57670,2014-01-09 23:06:53+00:00,-73.977327000,40.758556000,1.322141201,2.458041115,14.500000000,1,-73.981596000,40.724639000
109886,2014-06-25 15:32:00+00:00,-73.982917000,40.766287000,0.840343208,3.310756117,7.000000000,1,-73.973892000,40.763777000
20801,2014-07-30 07:06:00+00:00,-73.953477000,40.770767000,3.319145293,3.837292175,3.500000000,1,-73.957887000,40.772947000
103120,2014-01-27 08:27:00+00:00,-73.957260000,40.770100000,3.000761622,3.759448303,4.000000000,3,-73.954760000,40.765690000
80591,2014-03-20 21:31:00+00:00,-73.958755000,40.781012000,2.860212322,4.969267765,5.000000000,6,-73.949208000,40.785112000
134834,2014-02-11 01:38:00+00:00,-73.991692000,40.729485000,0.146666781,-0.783079205,21.000000000,2,-73.911640000,40.758572000
188898,2014-02-04 05:03:34+00:00,-74.009097000,40.704043000,-1.291257493,-3.624040422,11.500000000,1,-73.974824000,40.732984000
128409,2014-05-24 18:17:43+00:00,-74.006898000,40.707106000,-1.109333143,-3.281930287,16.000000000,2,-73.988766000,40.739520000
53091,2014-04-10 16:25:00+00:00,-73.994857000,40.740055000,-0.134039754,0.387199596,14.000000000,4,-73.968492000,40.758285000
10456,2014-05-04 14:56:00+00:00,-73.982003000,40.768237000,0.914973037,3.528115618,7.500000000,2,-73.973384000,40.783736000
155206,2014-06-14 10:06:08+00:00,-73.976211000,40.739866000,1.440543883,0.384413101,17.500000000,1,-73.903477000,40.755808000
36848,2014-04-20 18:28:32+00:00,-73.989536000,40.746747000,0.306676886,1.135217136,7.500000000,1,-73.973915000,40.757076000
175639,2014-01-13 07:48:00+00:00,-73.982040000,40.775302000,0.902749856,4.312348738,6.500000000,1,-73.983325000,40.760972000
174843,2014-08-16 08:05:00+00:00,-73.986895000,40.771555000,0.497847505,3.891659756,8.500000000,1,-73.959568000,40.774397000
183936,2014-03-11 11:44:00+00:00,-73.964747000,40.769632000,2.369508207,3.700013349,4.000000000,1,-73.969630000,40.759647000
155549,2014-07-04 18:08:00+00:00,-73.972317000,40.785717000,1.709713010,5.478063246,8.000000000,1,-73.981690000,40.763817000
171845,2014-08-16 11:54:49+00:00,-73.964717000,40.764035000,2.379371595,3.078733182,6.500000000,1,-73.949404000,40.773449000
181667,2014-07-31 15:47:28+00:00,-73.982290000,40.770203000,0.888219312,3.746075629,6.500000000,1,-73.989682000,40.776093000
188373,2014-06-05 11:44:00+00:00,-73.979837000,40.752622000,1.117930530,1.796857027,3.000000000,1,-73.974767000,40.749742000
14227,2014-08-23 09:54:00+00:00,-73.991580000,40.750150000,0.129772771,1.510990041,16.000000000,5,0.000000000,0.000000000
54884,2014-08-15 15:38:00+00:00,-73.957357000,40.785952000,2.971658303,5.519048843,7.500000000,1,-73.976122000,40.781248000
66904,2014-01-01 14:31:00+00:00,-73.960620000,40.806667000,2.669083991,7.815317001,19.500000000,1,-73.983792000,40.743845000
54621,2014-08-21 08:17:31+00:00,-74.001663000,40.746677000,-0.717051389,1.115730728,8.500000000,1,-73.989216000,40.768986000
38594,2014-05-03 18:09:00+00:00,-73.991268000,40.739422000,0.169797864,0.320408110,10.000000000,1,-74.002630000,40.749907000
15699,2014-03-15 12:38:00+00:00,-73.971212000,40.751932000,1.846926837,1.728761406,13.500000000,5,-73.960527000,40.774037000
195095,2014-02-21 15:14:46+00:00,-73.980140000,40.760568000,1.082100890,2.678624693,17.000000000,1,-73.967004000,40.807053000
144157,2014-04-10 20:25:44+00:00,-73.969090000,40.790764000,1.975406217,6.041516522,9.500000000,1,-73.976928000,40.764277000
71664,2014-02-19 20:14:00+00:00,-73.965855000,40.762677000,2.285097965,2.926852117,27.500000000,1,-73.850190000,40.844642000
45954,2014-09-11 16:07:00+00:00,-73.935825000,40.744947000,4.843634105,0.988995132,7.500000000,3,-73.905260000,40.738585000
82087,2014-07-16 15:41:35+00:00,-73.864753000,40.770479000,10.807378084,3.898432698,28.500000000,1,-73.968737000,40.692800000
58367,2014-03-08 15:44:00+00:00,-74.002910000,40.760322000,-0.839538262,2.629227885,10.000000000,1,-74.007437000,40.740950000
135095,2014-05-09 21:13:00+00:00,-73.990755000,40.761242000,0.185258812,2.743084112,6.000000000,1,-73.997252000,40.747247000
35727,2014-03-23 20:09:52+00:00,-73.979353000,40.755578000,1.154972130,2.125469894,5.000000000,1,-73.992861000,40.752500000
152953,2014-04-24 19:46:33+00:00,-73.988930000,40.740947000,0.365254397,0.491964918,7.500000000,3,-74.005788000,40.740173000
19916,2014-08-17 06:01:18+00:00,-73.976692000,40.750085000,1.386706345,1.518322345,7.000000000,1,-73.978977000,40.732727000
18146,2014-05-27 13:33:10+00:00,-73.953963000,40.778999000,3.267232711,4.750620017,4.500000000,1,-73.946500000,40.789064000
130404,2014-02-03 15:57:42+00:00,-73.984045000,40.760945000,0.752006506,2.716650862,5.000000000,2,-73.988982000,40.768648000
103055,2014-07-15 08:10:00+00:00,-73.957418000,40.765707000,2.993222290,3.271632782,6.000000000,1,-73.967733000,40.762670000
183579,2014-05-30 13:17:00+00:00,-73.969832000,40.761432000,1.951043819,2.784698967,12.000000000,1,-73.982337000,40.769072000
115204,2014-01-28 16:42:38+00:00,-73.980880000,40.779586000,0.995115315,4.789042804,5.000000000,1,-73.972314000,40.789930000
90495,2014-04-23 09:27:45+00:00,-73.960887000,40.796927000,2.659377634,6.733828557,5.500000000,1,-73.967727000,40.802101000
133287,2014-05-15 21:53:00+00:00,-73.994017000,40.747057000,-0.072024055,1.165283777,5.500000000,1,-74.003342000,40.738167000
178915,2014-05-30 18:40:00+00:00,-73.974965000,40.756397000,1.524316444,2.220702288,7.500000000,5,-73.984482000,40.763055000
114908,2014-06-07 15:33:00+00:00,-73.975702000,40.751885000,1.467950513,1.719110491,5.500000000,2,-73.984860000,40.748177000
124694,2014-04-22 07:30:00+00:00,-73.984805000,40.728227000,0.729863921,-0.916024220,9.000000000,5,-73.973642000,40.754892000
5563,2014-09-17 11:33:20+00:00,-73.957884000,40.761389000,2.959584666,2.791834420,8.000000000,1,-73.974436000,40.757013000
36046,2014-09-07 12:28:38+00:00,-73.974502000,40.749906000,1.571819234,1.500609979,8.000000000,1,-73.971027000,40.764952000
112439,2014-02-18 09:28:31+00:00,-74.004761000,40.723768000,-0.949769960,-1.430296494,6.500000000,1,-73.991165000,40.729817000
40048,2014-09-15 09:11:21+00:00,-73.968883000,40.766591000,2.024415002,3.358328122,4.000000000,1,-73.967668000,40.761700000
78003,2014-08-12 14:21:54+00:00,-73.977829000,40.783961000,1.246908113,5.277698152,10.500000000,1,-73.951338000,40.811138000
179460,2014-01-01 11:11:00+00:00,-74.004595000,40.741767000,-0.958403420,0.567874680,8.000000000,5,-74.015747000,40.704790000
141921,2014-06-11 09:17:51+00:00,-73.943852000,40.776611000,4.123630461,4.495757105,13.500000000,1,-73.973224000,40.749339000
57047,2014-07-09 13:11:00+00:00,-73.973572000,40.759095000,1.638399741,2.521574892,15.000000000,5,-73.983632000,40.755935000
40708,2014-09-24 19:21:46+00:00,-73.956039000,40.819001000,3.039179036,9.189088426,8.500000000,1,-73.971216000,40.795634000
46942,2014-04-11 10:11:48+00:00,-73.983922000,40.743357000,0.784992799,0.764374387,9.500000000,1,-73.972545000,40.761943000
34208,2014-09-15 18:12:14+00:00,-73.982442000,40.745834000,0.906759957,1.040786665,8.500000000,1,-73.965697000,40.756139000
143092,2014-03-12 06:25:00+00:00,-73.991525000,40.749717000,0.134968192,1.462977258,5.000000000,1,-73.980662000,40.753092000
13036,2014-09-12 09:47:04+00:00,-74.001187000,40.746320000,-0.676414297,1.076558381,22.000000000,1,-73.956786000,40.813912000
103419,2014-03-22 23:51:42+00:00,-73.958246000,40.701533000,3.007868290,-3.852967271,4.000000000,1,-73.961693000,40.704654000
59992,2014-05-12 13:44:39+00:00,-73.986957000,40.771167000,0.493112493,3.848528361,2.500000000,1,-73.974183000,40.791264000
135671,2014-01-04 21:47:51+00:00,-73.973746000,40.753341000,1.631182371,1.882666265,6.500000000,1,-73.985487000,40.744557000
93160,2014-05-27 07:45:00+00:00,-73.994425000,40.756002000,-0.117846314,2.157848930,6.000000000,1,-73.993933000,40.746352000
32567,2014-09-02 21:52:00+00:00,-73.863155000,40.769902000,10.943071449,3.836127360,36.330000000,5,-73.996002000,40.740962000
136196,2014-09-23 20:28:13+00:00,-73.997870000,40.724278000,-0.368446273,-1.367064365,11.000000000,1,-74.016443000,40.711172000
147862,2014-04-13 18:19:00+00:00,-73.983665000,40.726072000,0.828903590,-1.154130272,24.500000000,6,-73.959047000,40.809405000
95634,2014-09-19 18:56:00+00:00,-73.987720000,40.738390000,0.470690189,0.209297270,10.000000000,2,-73.985490000,40.723570000
177697,2014-05-02 15:52:34+00:00,-73.964307000,40.770291000,2.405778704,3.773605749,7.500000000,1,-73.981509000,40.773478000
40599,2014-03-30 02:07:43+00:00,-74.005390000,40.739782000,-1.023029279,0.346764950,14.000000000,2,-73.963108000,40.757625000
170463,2014-02-27 21:40:35+00:00,-73.990060000,40.761741000,0.243283584,2.799151798,6.000000000,1,-73.982822000,40.777149000
188256,2014-08-08 19:49:03+00:00,-74.008695000,40.726080000,-1.284907678,-1.177407112,6.500000000,1,-74.016029000,40.715227000
11239,2014-03-24 13:59:00+00:00,-73.972900000,40.755840000,1.699351816,2.160909289,10.000000000,2,-73.993100000,40.749710000
118555,2014-07-09 20:29:00+00:00,-74.010150000,40.720395000,-1.400669801,-1.809866049,14.000000000,2,-73.984418000,40.767385000
129135,2014-03-28 17:01:18+00:00,-73.778720000,40.646730000,18.259159549,-9.741135388,57.330000000,2,-73.978347000,40.765083000
130421,2014-06-26 15:42:00+00:00,-73.958847000,40.771545000,2.864922807,3.918263842,3.500000000,5,-73.963795000,40.774062000
104685,2014-01-06 07:40:40+00:00,-73.979590000,40.771245000,1.114740236,3.864392519,6.500000000,2,-73.980609000,40.783026000
136178,2014-05-12 10:44:00+00:00,-73.999540000,40.733757000,-0.521472264,-0.316439075,5.000000000,1,-73.991970000,40.744002000
195002,2014-08-05 19:20:44+00:00,-73.991505000,40.749937000,0.136375986,1.487418251,9.000000000,2,-73.983554000,40.763200000
162134,2014-03-08 16:25:08+00:00,-73.982119000,40.766392000,0.907559093,3.323192987,6.500000000,1,-73.970998000,40.764529000
92892,2014-05-04 17:31:32+00:00,-73.976350000,40.788372000,1.365987205,5.768809890,4.500000000,1,-73.976512000,40.781593000
78395,2014-03-04 20:32:48+00:00,-74.007947000,40.744544000,-1.244899507,0.872937320,21.500000000,1,-73.960939000,40.769776000
84910,2014-05-29 15:13:41+00:00,-73.978666000,40.746973000,1.224080429,1.170926548,5.500000000,1,-73.979841000,40.752863000
157321,2014-06-08 12:45:00+00:00,-73.991572000,40.754545000,0.124842151,1.998874802,13.500000000,5,-73.989482000,40.732567000
114192,2014-07-27 00:09:00+00:00,-74.014508000,40.675952000,-1.713399310,-6.747451970,20.000000000,1,-73.980807000,40.714352000
17463,2014-09-19 22:31:00+00:00,-73.982027000,40.770085000,0.910567173,3.733234242,15.500000000,2,-73.994795000,40.725987000
9640,2014-07-18 10:00:00+00:00,-73.989062000,40.758592000,0.331547695,2.450559412,9.500000000,1,-73.969622000,40.759477000
194604,2014-02-06 08:46:00+00:00,-73.987953000,40.743737000,0.444173597,0.802625342,8.500000000,1,-73.979080000,40.753102000
80199,2014-03-15 18:46:00+00:00,-73.980022000,40.739137000,1.119708719,0.299743145,4.500000000,1,-73.986355000,40.730372000
155127,2014-01-23 10:10:30+00:00,-73.982218000,40.746116000,0.925308338,1.072309964,11.000000000,2,-73.987524000,40.719903000
160805,2014-05-09 09:11:00+00:00,-73.993144000,40.736814000,0.014720426,0.029083375,7.500000000,1,-73.987302000,40.746928000
184334,2014-04-21 17:03:00+00:00,-73.981407000,40.763892000,0.970873556,3.046371470,10.500000000,1,-73.980107000,40.787322000
148773,2014-01-19 16:04:08+00:00,-73.971281000,40.761993000,1.828009293,2.845539304,11.000000000,1,-73.971923000,40.786440000
144880,2014-08-13 13:39:00+00:00,-73.871150000,40.773772000,10.262798939,4.257016346,46.830000000,5,-73.984902000,40.751737000
5221,2014-07-19 18:45:00+00:00,-73.983377000,40.760827000,0.808541908,2.704205024,11.000000000,1,-74.006947000,40.733037000
108095,2014-04-12 13:51:00+00:00,-73.992330000,40.749202000,0.067665802,1.405027971,14.500000000,5,-73.971435000,40.761042000
129504,2014-04-29 06:42:49+00:00,-74.008721000,40.719109000,-1.278368190,-1.951259170,4.000000000,1,-74.004836000,40.725562000
9085,2014-05-24 12:50:11+00:00,-73.994780000,40.755518000,-0.147197440,2.103778060,15.000000000,2,-73.989826000,40.723244000
133399,2014-03-21 20:18:00+00:00,-73.975387000,40.765267000,1.477196763,3.204923010,7.000000000,1,-73.980302000,40.756142000
69897,2014-03-14 03:13:26+00:00,-74.000588000,40.735877000,-0.612645401,-0.082112335,7.500000000,1,-73.989375000,40.757408000
186879,2014-05-20 08:52:00+00:00,-73.971480000,40.792597000,1.771377854,6.242626667,7.000000000,1,-73.956140000,40.788150000
162160,2014-01-28 17:52:00+00:00,-74.001142000,40.725370000,-0.646155260,-1.248993440,57.330000000,2,-73.981250000,40.779282000
138555,2014-06-02 15:10:39+00:00,-74.015561000,40.709834000,-1.844530672,-2.987342329,48.330000000,2,-73.941579000,40.593227000
109480,2014-02-05 22:26:03+00:00,-73.986442000,40.767330000,0.541496082,3.423094125,4.000000000,1,-73.979715000,40.762659000
55662,2014-06-05 18:39:00+00:00,-73.957395000,40.777125000,2.980099839,4.539143078,5.500000000,4,-73.961040000,40.769887000
167782,2014-01-28 15:44:35+00:00,-73.875118000,40.773997000,9.927615701,4.277691561,34.500000000,1,-74.005100000,40.718841000
110863,2014-03-06 20:39:00+00:00,-73.978887000,40.752752000,1.197958955,1.812220649,10.000000000,1,-73.955862000,40.778877000
24178,2014-02-12 11:31:00+00:00,-73.963667000,40.757172000,2.476992373,2.317934391,10.000000000,6,-73.949775000,40.776190000
121392,2014-05-14 08:38:00+00:00,-73.980947000,40.764412000,1.009028470,3.104546230,6.500000000,1,-73.988062000,40.769840000
20681,2014-08-08 17:22:00+00:00,-73.965922000,40.805462000,2.223444302,7.676263018,8.000000000,1,-73.978505000,40.785987000
180241,2014-09-03 11:54:28+00:00,-73.969542000,40.754568000,1.984469216,2.023030904,4.500000000,1,-73.974896000,40.760405000
115451,2014-01-10 15:37:00+00:00,-73.972720000,40.753222000,1.717948132,1.870469719,4.500000000,1,-73.958502000,40.781232000
170249,2014-03-19 17:04:39+00:00,-73.789833000,40.643510000,17.324452807,-10.111565118,57.330000000,2,-73.995054000,40.743995000
59043,2014-07-22 21:56:01+00:00,-73.997092000,40.747423000,-0.332092618,1.202941497,3.000000000,1,-73.994335000,40.750957000
111227,2014-05-02 08:06:52+00:00,-73.993745000,40.735519000,-0.034378577,-0.115252491,11.000000000,1,-73.975356000,40.764245000
130907,2014-05-21 20:33:09+00:00,-73.967779000,40.762580000,2.122830345,2.914172162,5.500000000,1,-73.960320000,40.761972000
99951,2014-09-05 10:24:57+00:00,-73.956117000,40.767996000,3.100004353,3.527035125,3.000000000,1,-73.960361000,40.769655000
131359,2014-02-24 11:44:00+00:00,-73.976255000,40.756750000,1.414967264,2.258616769,30.000000000,5,-73.981178000,40.675397000
90300,2014-06-25 22:41:00+00:00,-73.983252000,40.760422000,0.819613701,2.659369244,28.500000000,1,-73.993972000,40.697712000
129253,2014-04-03 09:55:00+00:00,-73.978690000,40.777517000,1.182588466,4.561517043,8.000000000,1,-73.981568000,40.760577000
114888,2014-09-02 11:10:00+00:00,-74.000947000,40.731620000,-0.637581326,-0.555013672,4.500000000,1,-73.998937000,40.737377000
117929,2014-01-26 03:06:00+00:00,-73.989883000,40.739955000,0.286057919,0.380919562,5.000000000,1,-73.988842000,40.748220000
165436,2014-08-08 00:09:00+00:00,-73.975747000,40.733217000,1.488332341,-0.353215878,6.000000000,1,0.000000000,0.000000000
113041,2014-03-01 18:27:00+00:00,-73.968157000,40.755492000,2.100177640,2.126975542,10.000000000,1,-73.955497000,40.781160000
142384,2014-01-14 19:02:00+00:00,-73.971565000,40.760592000,1.805860992,2.689736723,5.500000000,1,-73.976882000,40.754525000
56936,2014-01-15 18:00:42+00:00,-74.007255000,40.713035000,-1.146929174,-2.624114164,6.500000000,1,-74.017943000,40.706183000
111592,2014-01-29 15:48:34+00:00,-73.969078000,40.756494000,2.021126009,2.237291292,8.500000000,1,-73.986311000,40.729738000
171516,2014-07-08 11:34:38+00:00,-73.972888000,40.780411000,1.668432444,4.888490662,7.500000000,3,-73.956731000,40.780781000
69642,2014-01-11 15:03:57+00:00,-73.983573000,40.725800000,0.837022570,-1.184234198,9.500000000,1,-74.004535000,40.738285000
67007,2014-06-20 02:56:03+00:00,-73.990623000,40.760946000,0.196778418,2.710354066,21.500000000,1,-73.920010000,40.739376000
167504,2014-07-12 18:23:00+00:00,-73.987323000,40.750912000,0.488173886,1.599715528,10.500000000,1,-73.978835000,40.757985000
149850,2014-04-08 23:14:24+00:00,-73.958866000,40.768295000,2.867600849,3.557469530,9.500000000,1,-73.984595000,40.736679000
117066,2014-03-18 15:01:00+00:00,-73.986920000,40.737332000,0.539593664,0.092631047,8.000000000,2,-73.988220000,40.749090000
328,2014-03-24 12:28:00+00:00,-73.973638000,40.757932000,1.634338773,2.392408019,15.500000000,1,-73.997785000,40.724342000
131870,2014-03-22 19:00:17+00:00,-73.999296000,40.718770000,-0.481908766,-1.979862481,11.500000000,1,-74.007370000,40.742671000
139351,2014-07-23 07:54:00+00:00,-73.991702000,40.695620000,0.188977679,-4.542325262,21.500000000,5,-73.968187000,40.757257000
127340,2014-09-25 21:39:14+00:00,-73.980044000,40.735923000,1.121996362,-0.057055140,9.000000000,1,-73.980044000,40.735923000
165308,2014-05-09 15:42:00+00:00,-73.992200000,40.715017000,0.122199633,-2.389616882,30.000000000,2,-73.870110000,40.772942000
160847,2014-03-04 09:35:00+00:00,-73.997522000,40.761780000,-0.386600446,2.796258487,5.500000000,5,-73.997022000,40.749115000
53833,2014-04-02 12:36:00+00:00,-73.974127000,40.758432000,1.592413159,2.447429090,13.000000000,1,-73.954605000,40.778367000
104297,2014-05-11 13:43:00+00:00,-73.982432000,40.767057000,0.880285796,3.396706605,7.000000000,1,-73.990148000,40.751410000
65466,2014-07-10 14:39:00+00:00,-73.967052000,40.772462000,2.171277097,4.011872297,10.000000000,6,-73.972902000,40.755757000
76872,2014-05-17 10:40:00+00:00,-73.970365000,40.796760000,1.860020201,6.705857667,9.500000000,5,-73.982205000,40.773985000
186926,2014-03-13 15:55:33+00:00,-73.999277000,40.724832000,-0.487972447,-1.306921758,27.000000000,2,-73.921832000,40.761005000
171504,2014-04-21 12:25:00+00:00,-73.988942000,40.743037000,0.361568953,0.723958089,6.500000000,1,-73.983450000,40.756082000
194309,2014-03-17 21:08:38+00:00,-73.986890000,40.751050000,0.524550617,1.615456402,24.000000000,1,-73.897317000,40.768076000
118585,2014-05-18 19:32:00+00:00,-73.972937000,40.755612000,1.696524748,2.135563038,5.500000000,6,-73.977690000,40.763415000
26140,2014-08-25 07:32:34+00:00,-73.989636000,40.756805000,0.285380595,2.251631175,4.000000000,1,-73.982590000,40.759201000
196426,2014-09-15 19:38:10+00:00,-73.980935000,40.774694000,0.996783200,4.245938727,9.000000000,1,-73.969519000,40.798694000
114589,2014-07-26 02:07:41+00:00,-73.972167000,40.745604000,1.774533910,1.025362498,13.500000000,1,-73.939536000,40.797737000
81925,2014-07-31 20:53:00+00:00,-73.985885000,40.757320000,0.601348837,2.312452315,7.000000000,4,-73.974292000,40.750982000
2426,2014-02-25 18:34:13+00:00,-73.973546000,40.763491000,1.634885816,3.009589715,6.000000000,4,-73.980189000,40.755052000
43867,2014-02-28 20:17:00+00:00,-73.954557000,40.783562000,3.211071137,5.256551992,5.500000000,1,-73.965523000,40.800452000
21642,2014-04-29 17:03:32+00:00,-73.970363000,40.788932000,1.870392308,5.836887872,19.000000000,1,-73.981800000,40.746459000
3411,2014-01-01 12:38:03+00:00,-74.009728000,40.712482000,-1.355124313,-2.687858803,10.000000000,1,-74.007032000,40.748759000
184736,2014-09-03 17:46:54+00:00,-73.983990000,40.721512000,0.807313865,-1.660638848,21.500000000,1,-73.982433000,40.763107000
163104,2014-01-18 20:09:00+00:00,-74.007492000,40.716477000,-1.171265639,-2.242256042,5.500000000,2,-74.008980000,40.712492000
199555,2014-09-02 18:21:00+00:00,-74.006130000,40.751235000,-1.099905705,1.617421376,7.000000000,6,-73.987690000,40.750030000
140272,2014-03-03 09:03:00+00:00,-73.974780000,40.742082000,1.558494999,0.631815076,11.000000000,1,-73.999012000,40.731842000
87294,2014-04-04 18:38:21+00:00,-73.986547000,40.740418000,0.567133644,0.435562339,6.000000000,1,-73.976230000,40.733399000
8836,2014-03-31 08:55:52+00:00,-73.990726000,40.743741000,0.210048556,0.800373714,42.830000000,2,-73.865028000,40.770556000
105009,2014-06-14 03:01:51+00:00,-74.000494000,40.742607000,-0.613214317,0.665055074,21.500000000,2,-73.951913000,40.824263000
196622,2014-02-16 22:33:52+00:00,-73.979802000,40.746145000,1.129242727,1.077897179,9.500000000,1,-74.004316000,40.742270000
113858,2014-01-19 14:22:00+00:00,-73.990077000,40.748650000,0.258572471,1.345938166,3.500000000,4,-73.980087000,40.751565000
123569,2014-04-07 16:52:19+00:00,-73.973577000,40.748833000,1.651301330,1.382411973,10.000000000,1,-73.965964000,40.764545000
